_组织编码,_普通编码,_人员手机号,_phd_所属区域,flag
101,auto001,13671010001,测试专用,Y
102,auto002,13671010002,测试专用,Y
103,auto003,13671010003,测试专用,Y
104,auto004,13671010004,测试专用,Y
105,auto005,13671010005,测试专用,Y
106,auto006,13671010006,测试专用,Y
107,auto007,13671010007,测试专用,Y
108,auto008,13671010008,测试专用,Y
109,auto009,13671010009,测试专用,Y
110,auto010,13671010010,测试专用,Y
111,auto011,13671010011,测试专用,Y
112,auto012,13671010012,测试专用,Y
113,auto013,13671010013,测试专用,Y
114,auto014,13671010014,测试专用,Y
115,auto015,13671010015,测试专用,Y
116,auto016,13671010016,测试专用,Y
117,auto017,13671010017,测试专用,Y
118,auto018,13671010018,测试专用,Y
119,auto019,13671010019,测试专用,Y
120,auto020,13671010020,测试专用,Y
121,auto021,13671010021,测试专用,Y
122,auto022,13671010022,测试专用,Y
123,auto023,13671010023,测试专用,Y
124,auto024,13671010024,测试专用,Y
125,auto025,13671010025,测试专用,Y
126,auto026,13671010026,测试专用,Y
127,auto027,13671010027,测试专用,Y
128,auto028,13671010028,测试专用,Y
129,auto029,13671010029,测试专用,Y
130,auto030,13671010030,测试专用,Y
131,auto031,13671010031,测试专用,Y
132,auto032,13671010032,测试专用,Y
133,auto033,13671010033,测试专用,Y
134,auto034,13671010034,测试专用,Y
135,auto035,13671010035,测试专用,Y
136,auto036,13671010036,测试专用,Y
137,auto037,13671010037,测试专用,Y
138,auto038,13671010038,测试专用,Y
139,auto039,13671010039,测试专用,Y
140,auto040,13671010040,测试专用,Y
141,auto041,13671010041,测试专用,Y
142,auto042,13671010042,测试专用,Y
143,auto043,13671010043,测试专用,Y
144,auto044,13671010044,测试专用,Y
145,auto045,13671010045,测试专用,Y
146,auto046,13671010046,测试专用,Y
147,auto047,13671010047,测试专用,Y
148,auto048,13671010048,测试专用,Y
149,auto049,13671010049,测试专用,Y
150,auto050,13671010050,测试专用,Y
151,auto051,13671010051,测试专用,Y
152,auto052,13671010052,测试专用,Y
153,auto053,13671010053,测试专用,Y
154,auto054,13671010054,测试专用,Y
155,auto055,13671010055,测试专用,Y
156,auto056,13671010056,测试专用,Y
157,auto057,13671010057,测试专用,Y
158,auto058,13671010058,测试专用,Y
159,auto059,13671010059,测试专用,Y
160,auto060,13671010060,测试专用,Y
161,auto061,13671010061,测试专用,Y
162,auto062,13671010062,测试专用,Y
163,auto063,13671010063,测试专用,Y
164,auto064,13671010064,测试专用,Y
165,auto065,13671010065,测试专用,Y
166,auto066,13671010066,测试专用,Y
167,auto067,13671010067,测试专用,Y
168,auto068,13671010068,测试专用,Y
169,auto069,13671010069,测试专用,Y
170,auto070,13671010070,测试专用,Y
171,auto071,13671010071,测试专用,Y
172,auto072,13671010072,测试专用,Y
173,auto073,13671010073,测试专用,Y
174,auto074,13671010074,测试专用,Y
175,auto075,13671010075,测试专用,Y
176,auto076,13671010076,测试专用,Y
177,auto077,13671010077,测试专用,Y
178,auto078,13671010078,测试专用,Y
179,auto079,13671010079,测试专用,Y
180,auto080,13671010080,测试专用,Y
181,auto081,13671010081,测试专用,Y
182,auto082,13671010082,测试专用,Y
183,auto083,13671010083,测试专用,Y
184,auto084,13671010084,测试专用,Y
185,auto085,13671010085,测试专用,Y
186,auto086,13671010086,测试专用,Y
187,auto087,13671010087,测试专用,Y
188,auto088,13671010088,测试专用,Y
189,auto089,13671010089,测试专用,Y
190,auto090,13671010090,测试专用,Y
191,auto091,13671010091,测试专用,Y
192,auto092,13671010092,测试专用,Y
193,auto093,13671010093,测试专用,Y
194,auto094,13671010094,测试专用,Y
195,auto095,13671010095,测试专用,Y
196,auto096,13671010096,测试专用,Y
197,auto097,13671010097,测试专用,Y
198,auto098,13671010098,测试专用,Y
199,auto099,13671010099,测试专用,Y
,,,测试专用,Y
,,,测试专用,Y
,,,测试专用,Y
,,,测试专用,Y
,,,测试专用,Y
,,,测试专用,Y
,,,测试专用,Y
,,,测试专用,Y
,,,测试专用,Y
,,,测试专用,Y
,,,测试专用,Y
,,,测试专用,Y
,,,测试专用,Y
,,,测试专用,
,,,测试专用,
,,,测试专用,
,,,测试专用,
,,,测试专用,
,,,测试专用,
,,,测试专用,
,,,测试专用,
,,,测试专用,
,,,测试专用,
,,,测试专用,
,,,测试专用,
,,,测试专用,
,,,测试专用,
,,,测试专用,
,,,测试专用,
,,,测试专用,
,,,测试专用,
,,,测试专用,
,,,测试专用,
,,,测试专用,
,,,测试专用,
,,,测试专用,
,,,测试专用,
,,,测试专用,
,,,测试专用,
,,,测试专用,
,,,测试专用,
,,,测试专用,
,,,测试专用,
,,,测试专用,
,,,测试专用,
,,,测试专用,
,,,测试专用,
,,,测试专用,
,,,测试专用,
,,,测试专用,
,,,测试专用,
,,,测试专用,
,,,测试专用,
,,,测试专用,
,,,测试专用,
,,,测试专用,
,,,测试专用,
,,,测试专用,
,,,测试专用,
,,,测试专用,
,,,测试专用,
,,,测试专用,
,,,测试专用,
,,,测试专用,
,,,测试专用,
,,,测试专用,
,,,测试专用,
,,,测试专用,
,,,测试专用,
,,,测试专用,
,,,测试专用,
,,,测试专用,
,,,测试专用,
,,,测试专用,
,,,测试专用,
,,,测试专用,
,,,测试专用,
,,,测试专用,
,,,测试专用,
,,,测试专用,
,,,测试专用,
,,,测试专用,
,,,测试专用,
,,,测试专用,
,,,测试专用,
,,,测试专用,
,,,测试专用,
,,,测试专用,
,,,测试专用,
,,,测试专用,
,,,测试专用,
,,,测试专用,
,,,测试专用,
,,,测试专用,
,,,测试专用,
,,,测试专用,
,,,测试专用,
,,,测试专用,
,,,测试专用,
,,,测试专用,
,,,测试专用,
,,,测试专用,
,,,测试专用,
,,,测试专用,
,,,测试专用,
,,,测试专用,
,,,测试专用,
,,,测试专用,
,,,测试专用,
,,,测试专用,
,,,测试专用,
,,,测试专用,
,,,测试专用,
,,,测试专用,
,,,测试专用,
,,,测试专用,
,,,测试专用,
,,,测试专用,
,,,测试专用,
,,,测试专用,
,,,测试专用,
,,,测试专用,
,,,测试专用,
,,,测试专用,
,,,测试专用,
,,,测试专用,
,,,测试专用,
,,,测试专用,
,,,测试专用,
,,,测试专用,
,,,测试专用,
,,,测试专用,
,,,测试专用,
,,,测试专用,
,,,测试专用,
,,,测试专用,
,,,测试专用,
,,,测试专用,
,,,测试专用,
,,,测试专用,
,,,测试专用,
,,,测试专用,
,,,测试专用,
,,,测试专用,
,,,测试专用,
,,,测试专用,
,,,测试专用,
,,,测试专用,
,,,测试专用,
,,,测试专用,
,,,测试专用,
,,,测试专用,
,,,测试专用,
,,,测试专用,
,,,测试专用,
,,,测试专用,
,,,测试专用,
,,,测试专用,
,,,测试专用,
,,,测试专用,
,,,测试专用,
,,,测试专用,
,,,测试专用,
,,,测试专用,
,,,测试专用,
,,,测试专用,
,,,测试专用,
,,,测试专用,
,,,测试专用,
,,,测试专用,
,,,测试专用,
,,,测试专用,
,,,测试专用,
,,,测试专用,
,,,测试专用,
,,,测试专用,
,,,测试专用,
,,,测试专用,
,,,测试专用,
,,,测试专用,
,,,测试专用,
,,,测试专用,
,,,测试专用,
,,,测试专用,
,,,测试专用,
,,,测试专用,
,,,测试专用,
,,,测试专用,
,,,测试专用,
,,,测试专用,
,,,测试专用,
,,,测试专用,
,,,测试专用,
,,,测试专用,
,,,测试专用,
,,,测试专用,
,,,测试专用,
,,,测试专用,
,,,测试专用,
,,,测试专用,
,,,测试专用,
,,,测试专用,
,,,测试专用,
,,,测试专用,
,,,测试专用,
,,,测试专用,
,,,测试专用,
,,,测试专用,
,,,测试专用,
,,,测试专用,
,,,测试专用,
,,,测试专用,
,,,测试专用,
,,,测试专用,
,,,测试专用,
,,,测试专用,
,,,测试专用,
,,,测试专用,
,,,测试专用,
,,,测试专用,
,,,测试专用,
,,,测试专用,
,,,测试专用,
,,,测试专用,
,,,测试专用,
,,,测试专用,
,,,测试专用,
,,,测试专用,
,,,测试专用,
,,,测试专用,
,,,测试专用,
,,,测试专用,
,,,测试专用,
,,,测试专用,
,,,测试专用,
,,,测试专用,
,,,测试专用,
,,,测试专用,
,,,测试专用,
,,,测试专用,
,,,测试专用,
,,,测试专用,
,,,测试专用,
,,,测试专用,
,,,测试专用,
,,,测试专用,
,,,测试专用,
,,,测试专用,
,,,测试专用,
,,,测试专用,
,,,测试专用,
,,,测试专用,
,,,测试专用,
,,,测试专用,
,,,测试专用,
,,,测试专用,
,,,测试专用,
,,,测试专用,
,,,测试专用,
,,,测试专用,
,,,测试专用,
,,,测试专用,
,,,测试专用,
,,,测试专用,
,,,测试专用,
,,,测试专用,
,,,测试专用,
,,,测试专用,
,,,测试专用,
,,,测试专用,
,,,测试专用,
,,,测试专用,
,,,测试专用,
,,,测试专用,
,,,测试专用,
,,,测试专用,
,,,测试专用,
,,,测试专用,
,,,测试专用,
,,,测试专用,
,,,测试专用,
,,,测试专用,
,,,测试专用,
,,,测试专用,
,,,测试专用,
,,,测试专用,
,,,测试专用,
,,,测试专用,
,,,测试专用,
,,,测试专用,
,,,测试专用,
,,,测试专用,
,,,测试专用,
,,,测试专用,
,,,测试专用,
,,,测试专用,
,,,测试专用,
,,,测试专用,
,,,测试专用,
,,,测试专用,
,,,测试专用,
,,,测试专用,
,,,测试专用,
,,,测试专用,
,,,测试专用,
,,,测试专用,
,,,测试专用,
,,,测试专用,
,,,测试专用,
,,,测试专用,
,,,测试专用,
,,,测试专用,
,,,测试专用,
,,,测试专用,
,,,测试专用,
,,,测试专用,
,,,测试专用,
,,,测试专用,
,,,测试专用,
,,,测试专用,
,,,测试专用,
,,,测试专用,
,,,测试专用,
,,,测试专用,
,,,测试专用,
,,,测试专用,
,,,测试专用,
,,,测试专用,
,,,测试专用,
,,,测试专用,
,,,测试专用,
,,,测试专用,
,,,测试专用,
,,,测试专用,
,,,测试专用,
,,,测试专用,
,,,测试专用,
,,,测试专用,
,,,测试专用,
,,,测试专用,
,,,测试专用,
,,,测试专用,
,,,测试专用,
,,,测试专用,
,,,测试专用,
,,,测试专用,
,,,测试专用,
,,,测试专用,
,,,测试专用,
,,,测试专用,
,,,测试专用,
,,,测试专用,
,,,测试专用,
,,,测试专用,
,,,测试专用,
,,,测试专用,
,,,测试专用,
,,,测试专用,
,,,测试专用,
,,,测试专用,
,,,测试专用,
,,,测试专用,
,,,测试专用,
,,,测试专用,
,,,测试专用,
,,,测试专用,
,,,测试专用,
,,,测试专用,
,,,测试专用,
,,,测试专用,
,,,测试专用,
,,,测试专用,
,,,测试专用,
,,,测试专用,
,,,测试专用,
,,,测试专用,
,,,测试专用,
,,,测试专用,
,,,测试专用,
,,,测试专用,
,,,测试专用,
,,,测试专用,
,,,测试专用,
,,,测试专用,
,,,测试专用,
,,,测试专用,
,,,测试专用,
,,,测试专用,
,,,测试专用,
,,,测试专用,
,,,测试专用,
,,,测试专用,
,,,测试专用,
,,,测试专用,
,,,测试专用,
,,,测试专用,
,,,测试专用,
,,,测试专用,
,,,测试专用,
,,,测试专用,
,,,测试专用,
,,,测试专用,
,,,测试专用,
,,,测试专用,
,,,测试专用,
,,,测试专用,
,,,测试专用,
,,,测试专用,
,,,测试专用,
,,,测试专用,
,,,测试专用,
,,,测试专用,
,,,测试专用,
,,,测试专用,
,,,测试专用,
,,,测试专用,
,,,测试专用,
,,,测试专用,
,,,测试专用,
,,,测试专用,
,,,测试专用,
,,,测试专用,
,,,测试专用,
,,,测试专用,
,,,测试专用,
,,,测试专用,
,,,测试专用,
,,,测试专用,
,,,测试专用,
,,,测试专用,
,,,测试专用,
,,,测试专用,
,,,测试专用,
,,,测试专用,
,,,测试专用,
,,,测试专用,
,,,测试专用,
,,,测试专用,
,,,测试专用,
,,,测试专用,
,,,测试专用,
,,,测试专用,
,,,测试专用,
,,,测试专用,
,,,测试专用,
,,,测试专用,
,,,测试专用,
,,,测试专用,
,,,测试专用,
,,,测试专用,
,,,测试专用,
,,,测试专用,
,,,测试专用,
,,,测试专用,
,,,测试专用,
,,,测试专用,
,,,测试专用,
,,,测试专用,
,,,测试专用,
,,,测试专用,
,,,测试专用,
,,,测试专用,
,,,测试专用,
,,,测试专用,
,,,测试专用,
,,,测试专用,
,,,测试专用,
,,,测试专用,
,,,测试专用,
,,,测试专用,
,,,测试专用,
,,,测试专用,
,,,测试专用,
,,,测试专用,
,,,测试专用,
,,,测试专用,
,,,测试专用,
,,,测试专用,
,,,测试专用,
,,,测试专用,
,,,测试专用,
,,,测试专用,
,,,测试专用,
,,,测试专用,
,,,测试专用,
,,,测试专用,
,,,测试专用,
,,,测试专用,
,,,测试专用,
,,,测试专用,
,,,测试专用,
,,,测试专用,
,,,测试专用,
,,,测试专用,
,,,测试专用,
,,,测试专用,
,,,测试专用,
,,,测试专用,
,,,测试专用,
,,,测试专用,
,,,测试专用,
,,,测试专用,
,,,测试专用,
,,,测试专用,
,,,测试专用,
,,,测试专用,
,,,测试专用,
,,,测试专用,
,,,测试专用,
,,,测试专用,
,,,测试专用,
,,,测试专用,
,,,测试专用,
,,,测试专用,
,,,测试专用,
,,,测试专用,
,,,测试专用,
,,,测试专用,
,,,测试专用,
,,,测试专用,
,,,测试专用,
,,,测试专用,
,,,测试专用,
,,,测试专用,
,,,测试专用,
,,,测试专用,
,,,测试专用,
,,,测试专用,
,,,测试专用,
,,,测试专用,
,,,测试专用,
,,,测试专用,
,,,测试专用,
,,,测试专用,
,,,测试专用,
,,,测试专用,
,,,测试专用,
,,,测试专用,
,,,测试专用,
,,,测试专用,
,,,测试专用,
,,,测试专用,
,,,测试专用,
,,,测试专用,
,,,测试专用,
,,,测试专用,
,,,测试专用,
,,,测试专用,
,,,测试专用,
,,,测试专用,
,,,测试专用,
,,,测试专用,
,,,测试专用,
,,,测试专用,
,,,测试专用,
,,,测试专用,
,,,测试专用,
,,,测试专用,
,,,测试专用,
,,,测试专用,
,,,测试专用,
,,,测试专用,
,,,测试专用,
,,,测试专用,
,,,测试专用,
,,,测试专用,
,,,测试专用,
,,,测试专用,
,,,测试专用,
,,,测试专用,
,,,测试专用,
,,,测试专用,
,,,测试专用,
,,,测试专用,
,,,测试专用,
,,,测试专用,
,,,测试专用,
,,,测试专用,
,,,测试专用,
,,,测试专用,
,,,测试专用,
,,,测试专用,
,,,测试专用,
,,,测试专用,
,,,测试专用,
,,,测试专用,
,,,测试专用,
,,,测试专用,
,,,测试专用,
,,,测试专用,
,,,测试专用,
,,,测试专用,
,,,测试专用,
,,,测试专用,
,,,测试专用,
,,,测试专用,
,,,测试专用,
,,,测试专用,
,,,测试专用,
,,,测试专用,
,,,测试专用,
,,,测试专用,
,,,测试专用,
,,,测试专用,
,,,测试专用,
,,,测试专用,
,,,测试专用,
,,,测试专用,
,,,测试专用,
,,,测试专用,
,,,测试专用,
,,,测试专用,
,,,测试专用,
,,,测试专用,
,,,测试专用,
,,,测试专用,
,,,测试专用,
,,,测试专用,
,,,测试专用,
,,,测试专用,
,,,测试专用,
,,,测试专用,
,,,测试专用,
,,,测试专用,
,,,测试专用,
,,,测试专用,
,,,测试专用,
,,,测试专用,
,,,测试专用,
,,,测试专用,
,,,测试专用,
,,,测试专用,
,,,测试专用,
,,,测试专用,
,,,测试专用,
,,,测试专用,
,,,测试专用,
,,,测试专用,
,,,测试专用,
,,,测试专用,
,,,测试专用,
,,,测试专用,
,,,测试专用,
,,,测试专用,
,,,测试专用,
,,,测试专用,
,,,测试专用,
,,,测试专用,
,,,测试专用,
,,,测试专用,
,,,测试专用,
,,,测试专用,
,,,测试专用,
,,,测试专用,
,,,测试专用,
,,,测试专用,
,,,测试专用,
,,,测试专用,
,,,测试专用,
,,,测试专用,
,,,测试专用,
,,,测试专用,
,,,测试专用,
,,,测试专用,
,,,测试专用,
,,,测试专用,
,,,测试专用,
,,,测试专用,
,,,测试专用,
,,,测试专用,
,,,测试专用,
,,,测试专用,
,,,测试专用,
,,,测试专用,
,,,测试专用,
,,,测试专用,
,,,测试专用,
,,,测试专用,
,,,测试专用,
,,,测试专用,
,,,测试专用,
,,,测试专用,
,,,测试专用,
,,,测试专用,
,,,测试专用,
,,,测试专用,
,,,测试专用,
,,,测试专用,
,,,测试专用,
,,,测试专用,
,,,测试专用,
,,,测试专用,
,,,测试专用,
,,,测试专用,
,,,测试专用,
,,,测试专用,
,,,测试专用,
,,,测试专用,
,,,测试专用,
,,,测试专用,
,,,测试专用,
,,,测试专用,
,,,测试专用,
,,,测试专用,
,,,测试专用,
,,,测试专用,
,,,测试专用,
,,,测试专用,
,,,测试专用,
,,,测试专用,
,,,测试专用,
,,,测试专用,
,,,测试专用,
,,,测试专用,
,,,测试专用,
,,,测试专用,
,,,测试专用,
,,,测试专用,
,,,测试专用,
,,,测试专用,
,,,测试专用,
,,,测试专用,
,,,测试专用,
,,,测试专用,
,,,测试专用,
,,,测试专用,
,,,测试专用,
,,,测试专用,
,,,测试专用,
,,,测试专用,
,,,测试专用,
,,,测试专用,
,,,测试专用,
,,,测试专用,
,,,测试专用,
,,,测试专用,
,,,测试专用,
,,,测试专用,
,,,测试专用,
,,,测试专用,
,,,测试专用,
,,,测试专用,
,,,测试专用,
,,,测试专用,
,,,测试专用,
,,,测试专用,
,,,测试专用,
,,,测试专用,
,,,测试专用,
,,,测试专用,
,,,测试专用,
,,,测试专用,
,,,测试专用,
,,,测试专用,
,,,测试专用,
,,,测试专用,
,,,测试专用,
,,,测试专用,
,,,测试专用,
,,,测试专用,
,,,测试专用,
,,,测试专用,
,,,测试专用,
,,,测试专用,
,,,测试专用,
,,,测试专用,
,,,测试专用,
,,,测试专用,
,,,测试专用,
,,,测试专用,
,,,测试专用,
,,,测试专用,
,,,测试专用,
,,,测试专用,
,,,测试专用,
,,,测试专用,
,,,测试专用,
,,,测试专用,
,,,测试专用,
,,,测试专用,
,,,测试专用,
,,,测试专用,
,,,测试专用,
,,,测试专用,
,,,测试专用,
,,,测试专用,
,,,测试专用,
,,,测试专用,
,,,测试专用,
,,,测试专用,
,,,测试专用,
,,,测试专用,
,,,测试专用,
,,,测试专用,
,,,测试专用,
,,,测试专用,
,,,测试专用,
,,,测试专用,
,,,测试专用,
,,,测试专用,
,,,测试专用,
,,,测试专用,
,,,测试专用,
,,,测试专用,
,,,测试专用,
,,,测试专用,
,,,测试专用,
,,,测试专用,
,,,测试专用,
,,,测试专用,
,,,测试专用,
,,,测试专用,
,,,测试专用,
,,,测试专用,
,,,测试专用,
,,,测试专用,
,,,测试专用,
,,,测试专用,
,,,测试专用,
,,,测试专用,
,,,测试专用,
,,,测试专用,
,,,测试专用,
,,,测试专用,
,,,测试专用,
,,,测试专用,
,,,测试专用,
,,,测试专用,
,,,测试专用,
,,,测试专用,
,,,测试专用,
,,,测试专用,
,,,测试专用,
,,,测试专用,
,,,测试专用,
,,,测试专用,
,,,测试专用,
,,,测试专用,
,,,测试专用,
,,,测试专用,
,,,测试专用,
,,,测试专用,
,,,测试专用,
,,,测试专用,
,,,测试专用,
,,,测试专用,
,,,测试专用,
,,,测试专用,
,,,测试专用,
,,,测试专用,
,,,测试专用,
,,,测试专用,
,,,测试专用,
,,,测试专用,
,,,测试专用,
,,,测试专用,
,,,测试专用,
,,,测试专用,
,,,测试专用,
,,,测试专用,
,,,测试专用,
,,,测试专用,
,,,测试专用,
,,,测试专用,
,,,测试专用,
,,,测试专用,
,,,测试专用,
,,,测试专用,
,,,测试专用,
,,,测试专用,
,,,测试专用,
,,,测试专用,
,,,测试专用,
,,,测试专用,
,,,测试专用,
,,,测试专用,
,,,测试专用,
,,,测试专用,
,,,测试专用,
,,,测试专用,
,,,测试专用,
,,,测试专用,
,,,测试专用,
,,,测试专用,
,,,测试专用,
,,,测试专用,
,,,测试专用,
,,,测试专用,
,,,测试专用,
,,,测试专用,
,,,测试专用,
,,,测试专用,
,,,测试专用,
,,,测试专用,
,,,测试专用,
,,,测试专用,
,,,测试专用,
,,,测试专用,
,,,测试专用,
,,,测试专用,
,,,测试专用,
